indice_1,indice_2,similitud,texto_1,texto_2
12,790,0.9781341153630048,Antes los proyectos de vida eran a largo plazo; hoy parece que nuestra identidad cambia tan rápido c...,"Muchos jóvenes sienten que el futuro es incierto, no por falta de oportunidades, sino por exceso de ..."
14,1672,0.9864666309224714,A veces siento que la presión de mostrar una vida perfecta en redes sociales nos roba la oportunidad...,"La cultura actual parece obsesionada con lo nuevo y lo inmediato, dejando poco espacio para la refle..."
20,2290,0.9819752963286362,Estamos tan acostumbrados a la recompensa instantánea que cualquier proyecto que requiera paciencia ...,La presión por ser productivo todo el tiempo está quemando a una generación entera. No todo en la vi...
21,1104,0.9613914531322432,La IA puede predecir nuestras emociones con una precisión inquietante. ¿Qué queda entonces de nuestr...,La presión por ser productivo todo el tiempo está quemando a una generación entera. No todo en la vi...
25,484,0.8008071129286686,A veces siento que la presión de mostrar una vida perfecta en redes sociales nos roba la oportunidad...,El ruido constante de las redes sociales hace difícil encontrar silencio interior. ¿Cómo pensar prof...
25,731,0.8008141978264828,A veces siento que la presión de mostrar una vida perfecta en redes sociales nos roba la oportunidad...,A veces siento que la presión de mostrar una vida perfecta en redes sociales nos roba la oportunidad...
25,1077,0.8008071129286686,A veces siento que la presión de mostrar una vida perfecta en redes sociales nos roba la oportunidad...,A veces siento que la presión de mostrar una vida perfecta en redes sociales nos roba la oportunidad...
25,1840,0.8108717569996884,A veces siento que la presión de mostrar una vida perfecta en redes sociales nos roba la oportunidad...,Estamos tan acostumbrados a la recompensa instantánea que cualquier proyecto que requiera paciencia ...
25,2467,0.812762609309015,A veces siento que la presión de mostrar una vida perfecta en redes sociales nos roba la oportunidad...,La IA puede predecir nuestras emociones con una precisión inquietante. ¿Qué queda entonces de nuestr...
27,2808,0.9850151940141668,La presión por ser productivo todo el tiempo está quemando a una generación entera. No todo en la vi...,"Con tanta información, el desafío ya no es aprender, sino filtrar. El exceso de conocimiento puede s..."
35,2373,0.9791332440943542,Muchos jóvenes tienen una sensación de vacío difícil de explicar. Vivimos en un mundo hiperconectado...,"Con tanta información, el desafío ya no es aprender, sino filtrar. El exceso de conocimiento puede s..."
36,3959,0.9792065284169783,Todo se mueve tan rápido que incluso los recuerdos parecen caducar. La cultura de lo efímero borra c...,Muchos jóvenes tienen una sensación de vacío difícil de explicar. Vivimos en un mundo hiperconectado...
38,434,0.9999999999999997,No sé si la tecnología nos está liberando del esfuerzo o si nos está convirtiendo en espectadores pa...,Estamos tan acostumbrados a la recompensa instantánea que cualquier proyecto que requiera paciencia ...
40,1811,0.9838630518539062,El ruido constante de las redes sociales hace difícil encontrar silencio interior. ¿Cómo pensar prof...,La relación entre la inteligencia artificial y nuestra autonomía se está volviendo difusa. ¿Hasta qu...
43,2084,1.0,No sé si la tecnología nos está liberando del esfuerzo o si nos está convirtiendo en espectadores pa...,A veces siento que la presión de mostrar una vida perfecta en redes sociales nos roba la oportunidad...
46,104,1.0000000000000009,Todo se mueve tan rápido que incluso los recuerdos parecen caducar. La cultura de lo efímero borra c...,Antes los proyectos de vida eran a largo plazo; hoy parece que nuestra identidad cambia tan rápido c...
48,154,0.8186153819315596,Los algoritmos parecen conocer mis gustos mejor que yo mismo. Es inquietante pensar si realmente sig...,Los algoritmos parecen conocer mis gustos mejor que yo mismo. Es inquietante pensar si realmente sig...
48,648,0.8006679003653149,Los algoritmos parecen conocer mis gustos mejor que yo mismo. Es inquietante pensar si realmente sig...,Los algoritmos parecen conocer mis gustos mejor que yo mismo. Es inquietante pensar si realmente sig...
48,742,0.8074779333364608,Los algoritmos parecen conocer mis gustos mejor que yo mismo. Es inquietante pensar si realmente sig...,Los algoritmos parecen conocer mis gustos mejor que yo mismo. Es inquietante pensar si realmente sig...
48,1035,0.8038547506119821,Los algoritmos parecen conocer mis gustos mejor que yo mismo. Es inquietante pensar si realmente sig...,La IA puede predecir nuestras emociones con una precisión inquietante. ¿Qué queda entonces de nuestr...
48,1177,0.8163100412087919,Los algoritmos parecen conocer mis gustos mejor que yo mismo. Es inquietante pensar si realmente sig...,Los algoritmos parecen conocer mis gustos mejor que yo mismo. Es inquietante pensar si realmente sig...
48,1792,0.8186153819315596,Los algoritmos parecen conocer mis gustos mejor que yo mismo. Es inquietante pensar si realmente sig...,Los vínculos afectivos hoy son más frágiles que nunca. La inmediatez también afecta las relaciones h...
50,1000,0.9571156007112217,La IA puede predecir nuestras emociones con una precisión inquietante. ¿Qué queda entonces de nuestr...,"Muchos jóvenes sienten que el futuro es incierto, no por falta de oportunidades, sino por exceso de ..."
63,3500,0.9605887655057799,Los vínculos afectivos hoy son más frágiles que nunca. La inmediatez también afecta las relaciones h...,La identidad en línea se construye y se desmonta como si fuera un proyecto temporal. Nada parece sól...
64,280,0.958088578699453,Muchos jóvenes tienen una sensación de vacío difícil de explicar. Vivimos en un mundo hiperconectado...,La IA puede predecir nuestras emociones con una precisión inquietante. ¿Qué queda entonces de nuestr...
70,153,0.9857832910076118,"La cultura actual parece obsesionada con lo nuevo y lo inmediato, dejando poco espacio para la refle...",Todo se mueve tan rápido que incluso los recuerdos parecen caducar. La cultura de lo efímero borra c...
72,694,0.9846746404573543,No sé si la tecnología nos está liberando del esfuerzo o si nos está convirtiendo en espectadores pa...,"La Generación Z ha heredado un mundo acelerado, caótico y saturado. Buscar sentido en medio de ese r..."
74,3097,0.9583685204629038,"La Generación Z enfrenta un dilema existencial: querer cambiar el mundo, pero estar atrapada en diná...",La IA puede predecir nuestras emociones con una precisión inquietante. ¿Qué queda entonces de nuestr...
87,170,0.9828120735442134,Los algoritmos parecen conocer mis gustos mejor que yo mismo. Es inquietante pensar si realmente sig...,Todo se mueve tan rápido que incluso los recuerdos parecen caducar. La cultura de lo efímero borra c...
88,4508,0.981035202656584,¿Seguimos siendo sujetos libres si los algoritmos determinan qué contenido vemos y qué contenido nun...,La IA puede predecir nuestras emociones con una precisión inquietante. ¿Qué queda entonces de nuestr...
94,1474,0.9828121356075968,No sé si la tecnología nos está liberando del esfuerzo o si nos está convirtiendo en espectadores pa...,La IA puede predecir nuestras emociones con una precisión inquietante. ¿Qué queda entonces de nuestr...
103,485,0.9838347785543096,"Cada vez que una app me recomienda qué ver o qué comprar, siento que renuncio un poco más a mi liber...","La Generación Z enfrenta un dilema existencial: querer cambiar el mundo, pero estar atrapada en diná..."
108,633,0.9641594153294638,"Muchos jóvenes sienten que el futuro es incierto, no por falta de oportunidades, sino por exceso de ...",Los algoritmos parecen conocer mis gustos mejor que yo mismo. Es inquietante pensar si realmente sig...
110,2101,0.9842319670707405,"La cultura actual parece obsesionada con lo nuevo y lo inmediato, dejando poco espacio para la refle...",No sé si la tecnología nos está liberando del esfuerzo o si nos está convirtiendo en espectadores pa...
118,1805,0.9852294482583539,"Cada vez que una app me recomienda qué ver o qué comprar, siento que renuncio un poco más a mi liber...",La relación entre la inteligencia artificial y nuestra autonomía se está volviendo difusa. ¿Hasta qu...
131,875,1.0000000000000007,"Cada vez que una app me recomienda qué ver o qué comprar, siento que renuncio un poco más a mi liber...","Con tanta información, el desafío ya no es aprender, sino filtrar. El exceso de conocimiento puede s..."
132,1930,0.9673629031605612,La relación entre la inteligencia artificial y nuestra autonomía se está volviendo difusa. ¿Hasta qu...,"La cultura actual parece obsesionada con lo nuevo y lo inmediato, dejando poco espacio para la refle..."
139,1640,0.9823324873588959,Los algoritmos parecen conocer mis gustos mejor que yo mismo. Es inquietante pensar si realmente sig...,"Con tanta información, el desafío ya no es aprender, sino filtrar. El exceso de conocimiento puede s..."
143,459,0.9849074384692343,La identidad en línea se construye y se desmonta como si fuera un proyecto temporal. Nada parece sól...,¿Seguimos siendo sujetos libres si los algoritmos determinan qué contenido vemos y qué contenido nun...
144,1057,0.9818323871426687,A veces siento que la presión de mostrar una vida perfecta en redes sociales nos roba la oportunidad...,Muchos jóvenes tienen una sensación de vacío difícil de explicar. Vivimos en un mundo hiperconectado...
148,717,0.9865870309754543,A veces siento que la presión de mostrar una vida perfecta en redes sociales nos roba la oportunidad...,"La Generación Z enfrenta un dilema existencial: querer cambiar el mundo, pero estar atrapada en diná..."
150,211,0.9650452775597891,"La Generación Z ha heredado un mundo acelerado, caótico y saturado. Buscar sentido en medio de ese r...",Muchos jóvenes tienen una sensación de vacío difícil de explicar. Vivimos en un mundo hiperconectado...
151,2676,0.9841420392957708,La relación entre la inteligencia artificial y nuestra autonomía se está volviendo difusa. ¿Hasta qu...,¿Seguimos siendo sujetos libres si los algoritmos determinan qué contenido vemos y qué contenido nun...
154,1792,1.000000000000002,Los algoritmos parecen conocer mis gustos mejor que yo mismo. Es inquietante pensar si realmente sig...,Los vínculos afectivos hoy son más frágiles que nunca. La inmediatez también afecta las relaciones h...
156,3419,1.0,El ruido constante de las redes sociales hace difícil encontrar silencio interior. ¿Cómo pensar prof...,Todo se mueve tan rápido que incluso los recuerdos parecen caducar. La cultura de lo efímero borra c...
161,1409,0.9660921774263836,Muchos jóvenes tienen una sensación de vacío difícil de explicar. Vivimos en un mundo hiperconectado...,La identidad en línea se construye y se desmonta como si fuera un proyecto temporal. Nada parece sól...
163,1683,0.9812005550981402,A veces siento que la presión de mostrar una vida perfecta en redes sociales nos roba la oportunidad...,"Muchos jóvenes sienten que el futuro es incierto, no por falta de oportunidades, sino por exceso de ..."
180,1495,0.9856642480130872,La relación entre la inteligencia artificial y nuestra autonomía se está volviendo difusa. ¿Hasta qu...,No sé si la tecnología nos está liberando del esfuerzo o si nos está convirtiendo en espectadores pa...
188,648,0.9819913416567067,¿Seguimos siendo sujetos libres si los algoritmos determinan qué contenido vemos y qué contenido nun...,Los algoritmos parecen conocer mis gustos mejor que yo mismo. Es inquietante pensar si realmente sig...
197,1386,0.9806347985186634,El ruido constante de las redes sociales hace difícil encontrar silencio interior. ¿Cómo pensar prof...,La IA puede predecir nuestras emociones con una precisión inquietante. ¿Qué queda entonces de nuestr...
198,933,0.9872783466892907,A veces siento que la presión de mostrar una vida perfecta en redes sociales nos roba la oportunidad...,La relación entre la inteligencia artificial y nuestra autonomía se está volviendo difusa. ¿Hasta qu...
204,990,0.9878443039924508,A veces siento que la presión de mostrar una vida perfecta en redes sociales nos roba la oportunidad...,La presión por ser productivo todo el tiempo está quemando a una generación entera. No todo en la vi...
209,673,0.9853679994636106,La presión por ser productivo todo el tiempo está quemando a una generación entera. No todo en la vi...,No sé si la tecnología nos está liberando del esfuerzo o si nos está convirtiendo en espectadores pa...
215,411,0.9843390535891843,Antes los proyectos de vida eran a largo plazo; hoy parece que nuestra identidad cambia tan rápido c...,La relación entre la inteligencia artificial y nuestra autonomía se está volviendo difusa. ¿Hasta qu...
216,1893,1.0000000000000009,Todo se mueve tan rápido que incluso los recuerdos parecen caducar. La cultura de lo efímero borra c...,A veces siento que la presión de mostrar una vida perfecta en redes sociales nos roba la oportunidad...
224,2254,0.9705743509165597,Los vínculos afectivos hoy son más frágiles que nunca. La inmediatez también afecta las relaciones h...,Estamos tan acostumbrados a la recompensa instantánea que cualquier proyecto que requiera paciencia ...
230,4266,0.9999999999999999,¿Seguimos siendo sujetos libres si los algoritmos determinan qué contenido vemos y qué contenido nun...,A veces siento que la presión de mostrar una vida perfecta en redes sociales nos roba la oportunidad...
231,444,0.999999999999999,No sé si la tecnología nos está liberando del esfuerzo o si nos está convirtiendo en espectadores pa...,"Cada vez que una app me recomienda qué ver o qué comprar, siento que renuncio un poco más a mi liber..."
239,2348,0.9587418044673589,Los vínculos afectivos hoy son más frágiles que nunca. La inmediatez también afecta las relaciones h...,La relación entre la inteligencia artificial y nuestra autonomía se está volviendo difusa. ¿Hasta qu...
241,328,0.9640591262922855,"La Generación Z enfrenta un dilema existencial: querer cambiar el mundo, pero estar atrapada en diná...",La presión por ser productivo todo el tiempo está quemando a una generación entera. No todo en la vi...
249,905,0.980716697202389,Estamos tan acostumbrados a la recompensa instantánea que cualquier proyecto que requiera paciencia ...,"La Generación Z enfrenta un dilema existencial: querer cambiar el mundo, pero estar atrapada en diná..."
266,1069,0.9789123233616859,Estamos tan acostumbrados a la recompensa instantánea que cualquier proyecto que requiera paciencia ...,La IA puede predecir nuestras emociones con una precisión inquietante. ¿Qué queda entonces de nuestr...
268,636,0.962801314659931,Muchos jóvenes tienen una sensación de vacío difícil de explicar. Vivimos en un mundo hiperconectado...,"La Generación Z enfrenta un dilema existencial: querer cambiar el mundo, pero estar atrapada en diná..."
281,1817,0.9687143524075861,La presión por ser productivo todo el tiempo está quemando a una generación entera. No todo en la vi...,La identidad en línea se construye y se desmonta como si fuera un proyecto temporal. Nada parece sól...
288,577,0.9999999999999973,"Cada vez que una app me recomienda qué ver o qué comprar, siento que renuncio un poco más a mi liber...",Todo se mueve tan rápido que incluso los recuerdos parecen caducar. La cultura de lo efímero borra c...
312,1546,0.9847079554819612,"Cada vez que una app me recomienda qué ver o qué comprar, siento que renuncio un poco más a mi liber...",La presión por ser productivo todo el tiempo está quemando a una generación entera. No todo en la vi...
325,4120,0.9824341036840667,Los algoritmos parecen conocer mis gustos mejor que yo mismo. Es inquietante pensar si realmente sig...,No sé si la tecnología nos está liberando del esfuerzo o si nos está convirtiendo en espectadores pa...
329,1783,0.9765553517313009,"Muchos jóvenes sienten que el futuro es incierto, no por falta de oportunidades, sino por exceso de ...",El ruido constante de las redes sociales hace difícil encontrar silencio interior. ¿Cómo pensar prof...
342,440,0.9639493996944275,La IA puede predecir nuestras emociones con una precisión inquietante. ¿Qué queda entonces de nuestr...,La relación entre la inteligencia artificial y nuestra autonomía se está volviendo difusa. ¿Hasta qu...
344,1466,0.9839369585602493,La presión por ser productivo todo el tiempo está quemando a una generación entera. No todo en la vi...,Antes los proyectos de vida eran a largo plazo; hoy parece que nuestra identidad cambia tan rápido c...
354,3317,0.9764583262828607,Todo se mueve tan rápido que incluso los recuerdos parecen caducar. La cultura de lo efímero borra c...,Los vínculos afectivos hoy son más frágiles que nunca. La inmediatez también afecta las relaciones h...
364,1327,0.9828331269239512,El ruido constante de las redes sociales hace difícil encontrar silencio interior. ¿Cómo pensar prof...,"La Generación Z enfrenta un dilema existencial: querer cambiar el mundo, pero estar atrapada en diná..."
370,482,0.9628385143295753,"Muchos jóvenes sienten que el futuro es incierto, no por falta de oportunidades, sino por exceso de ...","La Generación Z ha heredado un mundo acelerado, caótico y saturado. Buscar sentido en medio de ese r..."
382,2607,0.9857382538048032,Todo se mueve tan rápido que incluso los recuerdos parecen caducar. La cultura de lo efímero borra c...,La relación entre la inteligencia artificial y nuestra autonomía se está volviendo difusa. ¿Hasta qu...
389,2350,0.9572876442784514,Los vínculos afectivos hoy son más frágiles que nunca. La inmediatez también afecta las relaciones h...,La presión por ser productivo todo el tiempo está quemando a una generación entera. No todo en la vi...
392,499,0.9817137083811817,Estamos tan acostumbrados a la recompensa instantánea que cualquier proyecto que requiera paciencia ...,"La cultura actual parece obsesionada con lo nuevo y lo inmediato, dejando poco espacio para la refle..."
407,1284,1.0,Estamos tan acostumbrados a la recompensa instantánea que cualquier proyecto que requiera paciencia ...,"Cada vez que una app me recomienda qué ver o qué comprar, siento que renuncio un poco más a mi liber..."
408,680,0.9573039727220279,"La Generación Z ha heredado un mundo acelerado, caótico y saturado. Buscar sentido en medio de ese r...",Los vínculos afectivos hoy son más frágiles que nunca. La inmediatez también afecta las relaciones h...
424,1877,0.9839952179163365,A veces siento que la presión de mostrar una vida perfecta en redes sociales nos roba la oportunidad...,Los algoritmos parecen conocer mis gustos mejor que yo mismo. Es inquietante pensar si realmente sig...
428,3409,0.9827128211281994,"Cada vez que una app me recomienda qué ver o qué comprar, siento que renuncio un poco más a mi liber...",La IA puede predecir nuestras emociones con una precisión inquietante. ¿Qué queda entonces de nuestr...
431,532,0.9835492457140051,¿Seguimos siendo sujetos libres si los algoritmos determinan qué contenido vemos y qué contenido nun...,La presión por ser productivo todo el tiempo está quemando a una generación entera. No todo en la vi...
435,1826,1.0000000000000002,No sé si la tecnología nos está liberando del esfuerzo o si nos está convirtiendo en espectadores pa...,"Con tanta información, el desafío ya no es aprender, sino filtrar. El exceso de conocimiento puede s..."
436,2921,0.9999999999999999,¿Seguimos siendo sujetos libres si los algoritmos determinan qué contenido vemos y qué contenido nun...,"Cada vez que una app me recomienda qué ver o qué comprar, siento que renuncio un poco más a mi liber..."
437,1039,0.9825072265967034,¿Seguimos siendo sujetos libres si los algoritmos determinan qué contenido vemos y qué contenido nun...,"La Generación Z enfrenta un dilema existencial: querer cambiar el mundo, pero estar atrapada en diná..."
451,946,1.0,No sé si la tecnología nos está liberando del esfuerzo o si nos está convirtiendo en espectadores pa...,¿Seguimos siendo sujetos libres si los algoritmos determinan qué contenido vemos y qué contenido nun...
452,2495,0.9553825062283063,"La Generación Z enfrenta un dilema existencial: querer cambiar el mundo, pero estar atrapada en diná...",Los vínculos afectivos hoy son más frágiles que nunca. La inmediatez también afecta las relaciones h...
457,3913,0.9751028165663942,Los vínculos afectivos hoy son más frágiles que nunca. La inmediatez también afecta las relaciones h...,No sé si la tecnología nos está liberando del esfuerzo o si nos está convirtiendo en espectadores pa...
473,1118,0.9782920969198087,"Muchos jóvenes sienten que el futuro es incierto, no por falta de oportunidades, sino por exceso de ...",No sé si la tecnología nos está liberando del esfuerzo o si nos está convirtiendo en espectadores pa...
484,1077,0.9999999999999969,El ruido constante de las redes sociales hace difícil encontrar silencio interior. ¿Cómo pensar prof...,A veces siento que la presión de mostrar una vida perfecta en redes sociales nos roba la oportunidad...
502,1841,1.0,"Cada vez que una app me recomienda qué ver o qué comprar, siento que renuncio un poco más a mi liber...",El ruido constante de las redes sociales hace difícil encontrar silencio interior. ¿Cómo pensar prof...
515,2250,1.0000000000000002,El ruido constante de las redes sociales hace difícil encontrar silencio interior. ¿Cómo pensar prof...,No sé si la tecnología nos está liberando del esfuerzo o si nos está convirtiendo en espectadores pa...
519,1706,0.9999999999999977,"Con tanta información, el desafío ya no es aprender, sino filtrar. El exceso de conocimiento puede s...",Antes los proyectos de vida eran a largo plazo; hoy parece que nuestra identidad cambia tan rápido c...
527,693,0.9664611440481968,"La Generación Z ha heredado un mundo acelerado, caótico y saturado. Buscar sentido en medio de ese r...","La cultura actual parece obsesionada con lo nuevo y lo inmediato, dejando poco espacio para la refle..."
545,1253,0.9668165535937346,Los algoritmos parecen conocer mis gustos mejor que yo mismo. Es inquietante pensar si realmente sig...,"La cultura actual parece obsesionada con lo nuevo y lo inmediato, dejando poco espacio para la refle..."
547,2180,0.9842648276310594,"La Generación Z enfrenta un dilema existencial: querer cambiar el mundo, pero estar atrapada en diná...",Todo se mueve tan rápido que incluso los recuerdos parecen caducar. La cultura de lo efímero borra c...
548,3417,0.982684512928788,La relación entre la inteligencia artificial y nuestra autonomía se está volviendo difusa. ¿Hasta qu...,Estamos tan acostumbrados a la recompensa instantánea que cualquier proyecto que requiera paciencia ...
553,2214,1.0,Estamos tan acostumbrados a la recompensa instantánea que cualquier proyecto que requiera paciencia ...,¿Seguimos siendo sujetos libres si los algoritmos determinan qué contenido vemos y qué contenido nun...
562,1732,0.9672767752223524,La identidad en línea se construye y se desmonta como si fuera un proyecto temporal. Nada parece sól...,"La Generación Z enfrenta un dilema existencial: querer cambiar el mundo, pero estar atrapada en diná..."
576,1196,0.9794508805127025,"Cada vez que una app me recomienda qué ver o qué comprar, siento que renuncio un poco más a mi liber...",Muchos jóvenes tienen una sensación de vacío difícil de explicar. Vivimos en un mundo hiperconectado...
581,1010,1.0000000000000024,Todo se mueve tan rápido que incluso los recuerdos parecen caducar. La cultura de lo efímero borra c...,No sé si la tecnología nos está liberando del esfuerzo o si nos está convirtiendo en espectadores pa...
586,1344,0.9641478666416865,La relación entre la inteligencia artificial y nuestra autonomía se está volviendo difusa. ¿Hasta qu...,Muchos jóvenes tienen una sensación de vacío difícil de explicar. Vivimos en un mundo hiperconectado...
589,812,1.0000000000000007,¿Seguimos siendo sujetos libres si los algoritmos determinan qué contenido vemos y qué contenido nun...,El ruido constante de las redes sociales hace difícil encontrar silencio interior. ¿Cómo pensar prof...
609,1766,0.9845434302568948,"Con tanta información, el desafío ya no es aprender, sino filtrar. El exceso de conocimiento puede s...",La relación entre la inteligencia artificial y nuestra autonomía se está volviendo difusa. ¿Hasta qu...
610,3941,0.9636289496853861,La presión por ser productivo todo el tiempo está quemando a una generación entera. No todo en la vi...,Muchos jóvenes tienen una sensación de vacío difícil de explicar. Vivimos en un mundo hiperconectado...
640,4372,0.9642266975215995,Muchos jóvenes tienen una sensación de vacío difícil de explicar. Vivimos en un mundo hiperconectado...,Los algoritmos parecen conocer mis gustos mejor que yo mismo. Es inquietante pensar si realmente sig...
652,670,0.9681109661417295,"La Generación Z ha heredado un mundo acelerado, caótico y saturado. Buscar sentido en medio de ese r...",La relación entre la inteligencia artificial y nuestra autonomía se está volviendo difusa. ¿Hasta qu...
658,1847,0.9870665391037681,A veces siento que la presión de mostrar una vida perfecta en redes sociales nos roba la oportunidad...,"La Generación Z ha heredado un mundo acelerado, caótico y saturado. Buscar sentido en medio de ese r..."
664,791,0.9819824035211804,Estamos tan acostumbrados a la recompensa instantánea que cualquier proyecto que requiera paciencia ...,"La Generación Z ha heredado un mundo acelerado, caótico y saturado. Buscar sentido en medio de ese r..."
681,1537,0.9785124949655999,Muchos jóvenes tienen una sensación de vacío difícil de explicar. Vivimos en un mundo hiperconectado...,Antes los proyectos de vida eran a largo plazo; hoy parece que nuestra identidad cambia tan rápido c...
695,1530,0.9837684613701732,No sé si la tecnología nos está liberando del esfuerzo o si nos está convirtiendo en espectadores pa...,"La Generación Z enfrenta un dilema existencial: querer cambiar el mundo, pero estar atrapada en diná..."
697,4469,0.9848946056729952,El ruido constante de las redes sociales hace difícil encontrar silencio interior. ¿Cómo pensar prof...,La identidad en línea se construye y se desmonta como si fuera un proyecto temporal. Nada parece sól...
709,3498,0.9831342374592577,"La cultura actual parece obsesionada con lo nuevo y lo inmediato, dejando poco espacio para la refle...",¿Seguimos siendo sujetos libres si los algoritmos determinan qué contenido vemos y qué contenido nun...
711,1296,0.9650061683769134,La identidad en línea se construye y se desmonta como si fuera un proyecto temporal. Nada parece sól...,"Muchos jóvenes sienten que el futuro es incierto, no por falta de oportunidades, sino por exceso de ..."
718,3518,0.9821119568226643,Los algoritmos parecen conocer mis gustos mejor que yo mismo. Es inquietante pensar si realmente sig...,Antes los proyectos de vida eran a largo plazo; hoy parece que nuestra identidad cambia tan rápido c...
731,2467,0.9852990143177349,A veces siento que la presión de mostrar una vida perfecta en redes sociales nos roba la oportunidad...,La IA puede predecir nuestras emociones con una precisión inquietante. ¿Qué queda entonces de nuestr...
737,1437,0.9845232491307451,"La cultura actual parece obsesionada con lo nuevo y lo inmediato, dejando poco espacio para la refle...","Cada vez que una app me recomienda qué ver o qué comprar, siento que renuncio un poco más a mi liber..."
739,775,0.9658787772575409,"La Generación Z enfrenta un dilema existencial: querer cambiar el mundo, pero estar atrapada en diná...",Los algoritmos parecen conocer mis gustos mejor que yo mismo. Es inquietante pensar si realmente sig...
740,1098,0.9999999999999997,¿Seguimos siendo sujetos libres si los algoritmos determinan qué contenido vemos y qué contenido nun...,"Con tanta información, el desafío ya no es aprender, sino filtrar. El exceso de conocimiento puede s..."
742,1035,0.9641997692659542,Los algoritmos parecen conocer mis gustos mejor que yo mismo. Es inquietante pensar si realmente sig...,La IA puede predecir nuestras emociones con una precisión inquietante. ¿Qué queda entonces de nuestr...
745,889,0.9789567004867865,No sé si la tecnología nos está liberando del esfuerzo o si nos está convirtiendo en espectadores pa...,Muchos jóvenes tienen una sensación de vacío difícil de explicar. Vivimos en un mundo hiperconectado...
761,1164,0.9831035501415483,"La cultura actual parece obsesionada con lo nuevo y lo inmediato, dejando poco espacio para la refle...",El ruido constante de las redes sociales hace difícil encontrar silencio interior. ¿Cómo pensar prof...
762,1267,0.9623489986426718,"La cultura actual parece obsesionada con lo nuevo y lo inmediato, dejando poco espacio para la refle...",Muchos jóvenes tienen una sensación de vacío difícil de explicar. Vivimos en un mundo hiperconectado...
772,1191,0.9825501225380596,"Con tanta información, el desafío ya no es aprender, sino filtrar. El exceso de conocimiento puede s...",La IA puede predecir nuestras emociones con una precisión inquietante. ¿Qué queda entonces de nuestr...
810,3290,0.9846868962229773,"La Generación Z ha heredado un mundo acelerado, caótico y saturado. Buscar sentido en medio de ese r...",El ruido constante de las redes sociales hace difícil encontrar silencio interior. ¿Cómo pensar prof...
854,2405,0.9732559617476099,El ruido constante de las redes sociales hace difícil encontrar silencio interior. ¿Cómo pensar prof...,Los vínculos afectivos hoy son más frágiles que nunca. La inmediatez también afecta las relaciones h...
861,995,0.9691437356431695,"La cultura actual parece obsesionada con lo nuevo y lo inmediato, dejando poco espacio para la refle...",La identidad en línea se construye y se desmonta como si fuera un proyecto temporal. Nada parece sól...
870,1714,0.9791049302492832,Todo se mueve tan rápido que incluso los recuerdos parecen caducar. La cultura de lo efímero borra c...,"Muchos jóvenes sienten que el futuro es incierto, no por falta de oportunidades, sino por exceso de ..."
883,1177,0.9795382538181547,Estamos tan acostumbrados a la recompensa instantánea que cualquier proyecto que requiera paciencia ...,Los algoritmos parecen conocer mis gustos mejor que yo mismo. Es inquietante pensar si realmente sig...
899,1860,0.9701285934425766,La identidad en línea se construye y se desmonta como si fuera un proyecto temporal. Nada parece sól...,"La Generación Z ha heredado un mundo acelerado, caótico y saturado. Buscar sentido en medio de ese r..."
922,1958,0.9999999999999998,Todo se mueve tan rápido que incluso los recuerdos parecen caducar. La cultura de lo efímero borra c...,"Con tanta información, el desafío ya no es aprender, sino filtrar. El exceso de conocimiento puede s..."
932,1763,0.9519470046840732,Muchos jóvenes tienen una sensación de vacío difícil de explicar. Vivimos en un mundo hiperconectado...,Los vínculos afectivos hoy son más frágiles que nunca. La inmediatez también afecta las relaciones h...
939,3053,0.9752359949852797,Muchos jóvenes tienen una sensación de vacío difícil de explicar. Vivimos en un mundo hiperconectado...,Estamos tan acostumbrados a la recompensa instantánea que cualquier proyecto que requiera paciencia ...
941,1471,0.9823306663365423,"Cada vez que una app me recomienda qué ver o qué comprar, siento que renuncio un poco más a mi liber...",Los algoritmos parecen conocer mis gustos mejor que yo mismo. Es inquietante pensar si realmente sig...
956,1115,0.9643685671510975,La presión por ser productivo todo el tiempo está quemando a una generación entera. No todo en la vi...,"Muchos jóvenes sienten que el futuro es incierto, no por falta de oportunidades, sino por exceso de ..."
962,1278,1.0,¿Seguimos siendo sujetos libres si los algoritmos determinan qué contenido vemos y qué contenido nun...,Todo se mueve tan rápido que incluso los recuerdos parecen caducar. La cultura de lo efímero borra c...
996,2398,0.9605162306564732,"Muchos jóvenes sienten que el futuro es incierto, no por falta de oportunidades, sino por exceso de ...","La Generación Z enfrenta un dilema existencial: querer cambiar el mundo, pero estar atrapada en diná..."
1011,2723,0.965188155078811,La identidad en línea se construye y se desmonta como si fuera un proyecto temporal. Nada parece sól...,La IA puede predecir nuestras emociones con una precisión inquietante. ¿Qué queda entonces de nuestr...
1026,2358,0.9758886259609091,Los vínculos afectivos hoy son más frágiles que nunca. La inmediatez también afecta las relaciones h...,"Cada vez que una app me recomienda qué ver o qué comprar, siento que renuncio un poco más a mi liber..."
1034,1248,0.9875767618955366,A veces siento que la presión de mostrar una vida perfecta en redes sociales nos roba la oportunidad...,La identidad en línea se construye y se desmonta como si fuera un proyecto temporal. Nada parece sól...
1056,2992,0.9742739586563847,Los vínculos afectivos hoy son más frágiles que nunca. La inmediatez también afecta las relaciones h...,¿Seguimos siendo sujetos libres si los algoritmos determinan qué contenido vemos y qué contenido nun...
1082,4911,0.9622159897976177,"La Generación Z ha heredado un mundo acelerado, caótico y saturado. Buscar sentido en medio de ese r...",La IA puede predecir nuestras emociones con una precisión inquietante. ¿Qué queda entonces de nuestr...
1099,1464,0.9757465605606978,"Con tanta información, el desafío ya no es aprender, sino filtrar. El exceso de conocimiento puede s...",Los vínculos afectivos hoy son más frágiles que nunca. La inmediatez también afecta las relaciones h...
1106,2949,0.9636959478427007,La relación entre la inteligencia artificial y nuestra autonomía se está volviendo difusa. ¿Hasta qu...,"Muchos jóvenes sienten que el futuro es incierto, no por falta de oportunidades, sino por exceso de ..."
1126,1302,0.985770223246846,La identidad en línea se construye y se desmonta como si fuera un proyecto temporal. Nada parece sól...,"Cada vez que una app me recomienda qué ver o qué comprar, siento que renuncio un poco más a mi liber..."
1129,1835,0.9505373436155342,"Muchos jóvenes sienten que el futuro es incierto, no por falta de oportunidades, sino por exceso de ...",Los vínculos afectivos hoy son más frágiles que nunca. La inmediatez también afecta las relaciones h...
1132,1793,1.0000000000000002,Estamos tan acostumbrados a la recompensa instantánea que cualquier proyecto que requiera paciencia ...,El ruido constante de las redes sociales hace difícil encontrar silencio interior. ¿Cómo pensar prof...
1142,1238,0.966771858187107,"La Generación Z ha heredado un mundo acelerado, caótico y saturado. Buscar sentido en medio de ese r...",La presión por ser productivo todo el tiempo está quemando a una generación entera. No todo en la vi...
1143,2774,0.9830837563024464,La IA puede predecir nuestras emociones con una precisión inquietante. ¿Qué queda entonces de nuestr...,Todo se mueve tan rápido que incluso los recuerdos parecen caducar. La cultura de lo efímero borra c...
1145,1503,0.9834689674382636,"La Generación Z enfrenta un dilema existencial: querer cambiar el mundo, pero estar atrapada en diná...","Con tanta información, el desafío ya no es aprender, sino filtrar. El exceso de conocimiento puede s..."
1222,4876,0.9708074869962732,La identidad en línea se construye y se desmonta como si fuera un proyecto temporal. Nada parece sól...,La relación entre la inteligencia artificial y nuestra autonomía se está volviendo difusa. ¿Hasta qu...
1292,1548,0.983916843836366,La identidad en línea se construye y se desmonta como si fuera un proyecto temporal. Nada parece sól...,Estamos tan acostumbrados a la recompensa instantánea que cualquier proyecto que requiera paciencia ...
1346,2783,0.9999999999999972,¿Seguimos siendo sujetos libres si los algoritmos determinan qué contenido vemos y qué contenido nun...,Muchos jóvenes tienen una sensación de vacío difícil de explicar. Vivimos en un mundo hiperconectado...
1393,1458,0.986248993716694,No sé si la tecnología nos está liberando del esfuerzo o si nos está convirtiendo en espectadores pa...,La identidad en línea se construye y se desmonta como si fuera un proyecto temporal. Nada parece sól...
1415,2439,1.0000000000000007,"Con tanta información, el desafío ya no es aprender, sino filtrar. El exceso de conocimiento puede s...",A veces siento que la presión de mostrar una vida perfecta en redes sociales nos roba la oportunidad...
1440,2202,0.9811656305674573,Los algoritmos parecen conocer mis gustos mejor que yo mismo. Es inquietante pensar si realmente sig...,El ruido constante de las redes sociales hace difícil encontrar silencio interior. ¿Cómo pensar prof...
1446,2342,0.961826798150925,"La cultura actual parece obsesionada con lo nuevo y lo inmediato, dejando poco espacio para la refle...","Muchos jóvenes sienten que el futuro es incierto, no por falta de oportunidades, sino por exceso de ..."
1472,2418,0.9852003589349243,"Con tanta información, el desafío ya no es aprender, sino filtrar. El exceso de conocimiento puede s...",La identidad en línea se construye y se desmonta como si fuera un proyecto temporal. Nada parece sól...
1473,4243,1.0,Antes los proyectos de vida eran a largo plazo; hoy parece que nuestra identidad cambia tan rápido c...,El ruido constante de las redes sociales hace difícil encontrar silencio interior. ¿Cómo pensar prof...
1524,2829,0.9834807109284437,Antes los proyectos de vida eran a largo plazo; hoy parece que nuestra identidad cambia tan rápido c...,"La cultura actual parece obsesionada con lo nuevo y lo inmediato, dejando poco espacio para la refle..."
1558,2012,0.9561412038305643,"La cultura actual parece obsesionada con lo nuevo y lo inmediato, dejando poco espacio para la refle...",Los vínculos afectivos hoy son más frágiles que nunca. La inmediatez también afecta las relaciones h...
1644,2496,0.9656921618229438,La presión por ser productivo todo el tiempo está quemando a una generación entera. No todo en la vi...,"La cultura actual parece obsesionada con lo nuevo y lo inmediato, dejando poco espacio para la refle..."
1660,2775,0.986359443054369,La identidad en línea se construye y se desmonta como si fuera un proyecto temporal. Nada parece sól...,Todo se mueve tan rápido que incluso los recuerdos parecen caducar. La cultura de lo efímero borra c...
1708,1905,0.9687188180389449,Los algoritmos parecen conocer mis gustos mejor que yo mismo. Es inquietante pensar si realmente sig...,La relación entre la inteligencia artificial y nuestra autonomía se está volviendo difusa. ¿Hasta qu...
1717,2435,1.0000000000000004,Muchos jóvenes tienen una sensación de vacío difícil de explicar. Vivimos en un mundo hiperconectado...,"Muchos jóvenes sienten que el futuro es incierto, no por falta de oportunidades, sino por exceso de ..."
1718,2995,0.9663977139669164,"La Generación Z ha heredado un mundo acelerado, caótico y saturado. Buscar sentido en medio de ese r...","La Generación Z enfrenta un dilema existencial: querer cambiar el mundo, pero estar atrapada en diná..."
1796,1866,0.9500273415878424,La IA puede predecir nuestras emociones con una precisión inquietante. ¿Qué queda entonces de nuestr...,Los vínculos afectivos hoy son más frágiles que nunca. La inmediatez también afecta las relaciones h...
1830,2494,1.0000000000000004,Antes los proyectos de vida eran a largo plazo; hoy parece que nuestra identidad cambia tan rápido c...,A veces siento que la presión de mostrar una vida perfecta en redes sociales nos roba la oportunidad...
1916,2918,0.9856173241855647,La presión por ser productivo todo el tiempo está quemando a una generación entera. No todo en la vi...,Todo se mueve tan rápido que incluso los recuerdos parecen caducar. La cultura de lo efímero borra c...
1937,2000,0.9774192250994903,El ruido constante de las redes sociales hace difícil encontrar silencio interior. ¿Cómo pensar prof...,Muchos jóvenes tienen una sensación de vacío difícil de explicar. Vivimos en un mundo hiperconectado...
1951,3268,0.9698015179223695,Los algoritmos parecen conocer mis gustos mejor que yo mismo. Es inquietante pensar si realmente sig...,La identidad en línea se construye y se desmonta como si fuera un proyecto temporal. Nada parece sól...
2135,4913,0.9803118976324355,"Con tanta información, el desafío ya no es aprender, sino filtrar. El exceso de conocimiento puede s...","Muchos jóvenes sienten que el futuro es incierto, no por falta de oportunidades, sino por exceso de ..."
2160,4428,0.9748489961020623,"Muchos jóvenes sienten que el futuro es incierto, no por falta de oportunidades, sino por exceso de ...",Estamos tan acostumbrados a la recompensa instantánea que cualquier proyecto que requiera paciencia ...
2261,2901,0.9848639069308054,"La Generación Z ha heredado un mundo acelerado, caótico y saturado. Buscar sentido en medio de ese r...","Cada vez que una app me recomienda qué ver o qué comprar, siento que renuncio un poco más a mi liber..."
2296,2928,0.9836049542193901,El ruido constante de las redes sociales hace difícil encontrar silencio interior. ¿Cómo pensar prof...,La presión por ser productivo todo el tiempo está quemando a una generación entera. No todo en la vi...
2355,4892,0.9761145387202813,Antes los proyectos de vida eran a largo plazo; hoy parece que nuestra identidad cambia tan rápido c...,Los vínculos afectivos hoy son más frágiles que nunca. La inmediatez también afecta las relaciones h...
2397,2956,0.9851178849530201,Todo se mueve tan rápido que incluso los recuerdos parecen caducar. La cultura de lo efímero borra c...,"La Generación Z ha heredado un mundo acelerado, caótico y saturado. Buscar sentido en medio de ese r..."
2563,2611,0.9617690507836105,La IA puede predecir nuestras emociones con una precisión inquietante. ¿Qué queda entonces de nuestr...,"La cultura actual parece obsesionada con lo nuevo y lo inmediato, dejando poco espacio para la refle..."
2572,3065,0.9835551659955092,¿Seguimos siendo sujetos libres si los algoritmos determinan qué contenido vemos y qué contenido nun...,"La Generación Z ha heredado un mundo acelerado, caótico y saturado. Buscar sentido en medio de ese r..."
2854,3749,0.9636165593407388,"La cultura actual parece obsesionada con lo nuevo y lo inmediato, dejando poco espacio para la refle...","La Generación Z enfrenta un dilema existencial: querer cambiar el mundo, pero estar atrapada en diná..."
3435,4096,0.9999999999999996,Antes los proyectos de vida eran a largo plazo; hoy parece que nuestra identidad cambia tan rápido c...,No sé si la tecnología nos está liberando del esfuerzo o si nos está convirtiendo en espectadores pa...
3817,4166,0.9815045458402553,La IA puede predecir nuestras emociones con una precisión inquietante. ¿Qué queda entonces de nuestr...,Antes los proyectos de vida eran a largo plazo; hoy parece que nuestra identidad cambia tan rápido c...
